<?xml version="1.0" encoding="utf-8"?>
<odoo>
   <data>
        <record id="module_whatsapp_template" model="ir.module.category">
            <field name="name">Whatsapp Template</field>
            <field name="description">Manage Whatsapp Template</field>
            <field name="sequence">30</field>
        </record>

       <record id="group_whatsapp_template_user" model="res.groups">
            <field name="name">User</field>
            <field name="category_id" ref="module_whatsapp_template"/>
       </record>

        <record id="group_whatsapp_template_manager" model="res.groups">
            <field name="name">Manager</field>
            <field name="category_id" ref="module_whatsapp_template"/>
            <field name="implied_ids" eval="[(4, ref('whatsapp_integration_gtica.group_whatsapp_template_user'))]"/>
        </record>
   </data>
</odoo>